CNPJ_Companhia;Nome_Companhia;Codigo_CVM;Data_Referencia;Categoria;Tipo;Especie;Assunto;Data_Entrega;Tipo_Apresentacao;Protocolo_Entrega;Versao;Link_Download
64.904.295/0001-03;CAMIL ALIMENTOS S/A;24228;2026-06-30;Assembleia;AGE;Boletim de voto a distância;;2026-05-29;AP - Apresentação;024228IPE300620260169940631-54;1;https://www.rad.cvm.gov.br/ENET/frmDownloadDocumento.aspx?Tela=ext&descTipo=IPE&CodigoInstituicao=1&numProtocolo=1528951&numSequencia=1053657&numVersao=1
64.904.295/0001-03;CAMIL ALIMENTOS S/A;24228;2026-06-30;Assembleia;AGO;Boletim de voto a distância;;2026-05-29;AP - Apresentação;024228IPE300620260174973680-44;1;https://www.rad.cvm.gov.br/ENET/frmDownloadDocumento.aspx?Tela=ext&descTipo=IPE&CodigoInstituicao=1&numProtocolo=1528952&numSequencia=1053658&numVersao=1
64.904.295/0001-03;CAMIL ALIMENTOS S/A;24228;2026-06-30;Assembleia;AGO/E;Ata;Alteração do Estatuto Social da Companhia||Aumento de Capital||Autorizar a administração da Companhia a tomar todas as providências que se fizerem necessárias à efetivação das matérias aprovadas, nos termos da legislação vigente||Consolidação do Estatuto Social da Companhia||Destinação dos Resultados||Eleição de Membros dos Conselhos de Administração e Fiscal||Fixação do número de membros do Conselho de Administração da Companhia para o próximo mandato||Instalação do Conselho Fiscal da Companhia||Orçamento de Capital||Remuneração dos Administradores e Conselheiros||Tomada de Contas-Votação do Relatório da Administração e das Demonstrações Financeiras;2026-06-30;AP - Apresentação;024228IPE300620260105360401-12;1;https://www.rad.cvm.gov.br/ENET/frmDownloadDocumento.aspx?Tela=ext&descTipo=IPE&CodigoInstituicao=1&numProtocolo=1540122&numSequencia=1064828&numVersao=1
64.904.295/0001-03;CAMIL ALIMENTOS S/A;24228;2026-06-30;Assembleia;AGO/E;Edital de Convocação;Destinação dos Resultados||Eleição de Membros dos Conselhos de Administração e Fiscal||Fixação da remuneração global dos administradores, dos membros dos comitês de assessoramento ao Conselho de Administração da Companhia, bem como dos membros do Conselho Fiscal, caso instalado||Fixação do número de membros do Conselho de Administração da Companhia para o próximo mandato||Instalação do Conselho Fiscal da Companhia||Orçamento de Capital para o exercício social a se encerrar em 28 de fevereiro de 2027||Tomada de Contas-Votação do Relatório da Administração e das Demonstrações Financeiras;2026-05-29;AP - Apresentação;024228IPE300620260122196044-77;1;https://www.rad.cvm.gov.br/ENET/frmDownloadDocumento.aspx?Tela=ext&descTipo=IPE&CodigoInstituicao=1&numProtocolo=1528942&numSequencia=1053648&numVersao=1
64.904.295/0001-03;CAMIL ALIMENTOS S/A;24228;2026-06-30;Assembleia;AGO/E;Manual para participação;;2026-05-29;AP - Apresentação;024228IPE300620260191155257-07;1;https://www.rad.cvm.gov.br/ENET/frmDownloadDocumento.aspx?Tela=ext&descTipo=IPE&CodigoInstituicao=1&numProtocolo=1528944&numSequencia=1053650&numVersao=1
64.904.295/0001-03;CAMIL ALIMENTOS S/A;24228;2026-06-30;Assembleia;AGO/E;Mapa consolidado de voto a distância;Mapa Sintético Consolidado;2026-06-29;AP - Apresentação;024228IPE300620260172600009-28;1;https://www.rad.cvm.gov.br/ENET/frmDownloadDocumento.aspx?Tela=ext&descTipo=IPE&CodigoInstituicao=1&numProtocolo=1539217&numSequencia=1063923&numVersao=1
64.904.295/0001-03;CAMIL ALIMENTOS S/A;24228;2026-06-30;Assembleia;AGO/E;Mapa final de votação detalhado;Mapa Final de Votação Detalhado - AGOE;2026-06-30;AP - Apresentação;024228IPE300620260121297286-33;1;https://www.rad.cvm.gov.br/ENET/frmDownloadDocumento.aspx?Tela=ext&descTipo=IPE&CodigoInstituicao=1&numProtocolo=1540124&numSequencia=1064830&numVersao=1
64.904.295/0001-03;CAMIL ALIMENTOS S/A;24228;2026-06-30;Assembleia;AGO/E;Proposta da Administração;Autorizar a administração da Companhia a tomar todas as providencias que se fizerem necessárias à efetivação das matérias aprovadas, nos termos da legislação vigente||Deliberar sobre a alteração do Estatuto Social da Companhia, a fim de refletir a alteração do Artigo 5º do Estatuto Social||Deliberar sobre a consolidação do Estatuto Social da Companhia, em razão da alteração do Artigo 5º||Deliberar sobre o aumento do capital social da Companhia, mediante a capitalização da reserva de incentivo fiscal, sem a emissão de novas ações.||Destinação do resultado do exercício social encerrado em 28 de fevereiro de 2026||Eleição do Conselho de Administração da Companhia||Eleição dos membros efetivos e suplentes para compor o Conselho Fiscal da Companhia||Fixação da remuneração global dos administradores, dos membros dos comitês de assessoramento ao Conselho de Administração da Companhia, bem como dos membros do Conselho Fiscal, caso instalado||Fixação do número de membros do Conselho de Administração da Companhia para o próximo mandato||Instalação do Conselho Fiscal da Companhia||Orçamento de Capital para o exercício social a se encerrar em 28 de fevereiro de 2027||Tomar as contas dos administradores, examinar, discutir e votar o Relatório da Administração e as Demonstrações Financeiras da Companhia;2026-05-29;AP - Apresentação;024228IPE300620260139457604-55;1;https://www.rad.cvm.gov.br/ENET/frmDownloadDocumento.aspx?Tela=ext&descTipo=IPE&CodigoInstituicao=1&numProtocolo=1528943&numSequencia=1053649&numVersao=1
64.904.295/0001-03;CAMIL ALIMENTOS S/A;24228;2026-06-30;Assembleia;AGO/E;Proposta da Administração;Autorizar a administração da Companhia a tomar todas as providencias que se fizerem necessárias à efetivação das matérias aprovadas, nos termos da legislação vigente||Deliberar sobre a alteração do Estatuto Social da Companhia, a fim de refletir a alteração do Artigo 5º do Estatuto Social||Deliberar sobre a consolidação do Estatuto Social da Companhia, em razão da alteração do Artigo 5º||Deliberar sobre o aumento do capital social da Companhia, mediante a capitalização da reserva de incentivo fiscal, sem a emissão de novas ações.||Destinação do resultado do exercício social encerrado em 28 de fevereiro de 2026||Eleição do Conselho de Administração da Companhia||Eleição dos membros efetivos e suplentes para compor o Conselho Fiscal da Companhia||Fixação da remuneração global dos administradores, dos membros dos comitês de assessoramento ao Conselho de Administração da Companhia, bem como dos membros do Conselho Fiscal, caso instalado||Fixação do número de membros do Conselho de Administração da Companhia para o próximo mandato||Instalação do Conselho Fiscal da Companhia||Orçamento de Capital para o exercício social a se encerrar em 28 de fevereiro de 2027||Tomar as contas dos administradores, examinar, discutir e votar o Relatório da Administração e as Demonstrações Financeiras da Companhia;2026-06-11;RE - Reapresentação Espontânea;024228IPE300620260217777344-55;2;https://www.rad.cvm.gov.br/ENET/frmDownloadDocumento.aspx?Tela=ext&descTipo=IPE&CodigoInstituicao=1&numProtocolo=1533465&numSequencia=1058171&numVersao=2
64.904.295/0001-03;CAMIL ALIMENTOS S/A;24228;2026-06-30;Aviso aos Acionistas;Data prevista para a assembleia;;Data AGO 2026;2026-03-05;AP - Apresentação;024228IPE300620260182265792-04;1;https://www.rad.cvm.gov.br/ENET/frmDownloadDocumento.aspx?Tela=ext&descTipo=IPE&CodigoInstituicao=1&numProtocolo=1486060&numSequencia=1010766&numVersao=1
64.904.295/0001-03;CAMIL ALIMENTOS S/A;24228;2026-02-28;Calendário de Eventos Corporativos;;;;2026-05-29;RE - Reapresentação Espontânea;024228IPE280220260237802792-11;2;https://www.rad.cvm.gov.br/ENET/frmDownloadDocumento.aspx?Tela=ext&descTipo=IPE&CodigoInstituicao=1&numProtocolo=1528669&numSequencia=1053375&numVersao=2
64.904.295/0001-03;CAMIL ALIMENTOS S/A;24228;2026-01-14;Comunicado ao Mercado;Apresentações a analistas/agentes do mercado;;Apresentação de Resultados - 3T25;2026-01-14;AP - Apresentação;024228IPE140120260166598476-70;1;https://www.rad.cvm.gov.br/ENET/frmDownloadDocumento.aspx?Tela=ext&descTipo=IPE&CodigoInstituicao=1&numProtocolo=1467228&numSequencia=991934&numVersao=1
64.904.295/0001-03;CAMIL ALIMENTOS S/A;24228;2026-05-08;Comunicado ao Mercado;Apresentações a analistas/agentes do mercado;;Apresentação de Resultados 4T25/2025;2026-05-07;AP - Apresentação;024228IPE080520260114285476-63;1;https://www.rad.cvm.gov.br/ENET/frmDownloadDocumento.aspx?Tela=ext&descTipo=IPE&CodigoInstituicao=1&numProtocolo=1518218&numSequencia=1042924&numVersao=1
64.904.295/0001-03;CAMIL ALIMENTOS S/A;24228;2026-07-15;Comunicado ao Mercado;Apresentações a analistas/agentes do mercado;;Apresentação de Resultados 1T26;2026-07-14;AP - Apresentação;024228IPE150720260149853662-73;1;https://www.rad.cvm.gov.br/ENET/frmDownloadDocumento.aspx?Tela=ext&descTipo=IPE&CodigoInstituicao=1&numProtocolo=1544812&numSequencia=1069518&numVersao=1
64.904.295/0001-03;CAMIL ALIMENTOS S/A;24228;2026-02-28;Dados Econômico-Financeiros;Demonstrações Financeiras Adicionais;Demonstrações Financeiras em Padrões Internacionais;Versão em Inglês;2026-05-26;AP - Apresentação;024228IPE280220260114248306-68;1;https://www.rad.cvm.gov.br/ENET/frmDownloadDocumento.aspx?Tela=ext&descTipo=IPE&CodigoInstituicao=1&numProtocolo=1526948&numSequencia=1051654&numVersao=1
64.904.295/0001-03;CAMIL ALIMENTOS S/A;24228;2026-02-28;Dados Econômico-Financeiros;Demonstrações Financeiras Anuais Completas;;;2026-05-07;AP - Apresentação;024228IPE280220260166461781-44;1;https://www.rad.cvm.gov.br/ENET/frmDownloadDocumento.aspx?Tela=ext&descTipo=IPE&CodigoInstituicao=1&numProtocolo=1518232&numSequencia=1042938&numVersao=1
64.904.295/0001-03;CAMIL ALIMENTOS S/A;24228;2026-02-28;Dados Econômico-Financeiros;Demonstrações Financeiras Anuais Completas;;;2026-05-08;RE - Reapresentação Espontânea;024228IPE280220260221997155-80;2;https://www.rad.cvm.gov.br/ENET/frmDownloadDocumento.aspx?Tela=ext&descTipo=IPE&CodigoInstituicao=1&numProtocolo=1519086&numSequencia=1043792&numVersao=2
64.904.295/0001-03;CAMIL ALIMENTOS S/A;24228;2025-11-30;Dados Econômico-Financeiros;Press-release;;Release 3T25;2026-01-14;AP - Apresentação;024228IPE301120250103478703-82;1;https://www.rad.cvm.gov.br/ENET/frmDownloadDocumento.aspx?Tela=ext&descTipo=IPE&CodigoInstituicao=1&numProtocolo=1467225&numSequencia=991931&numVersao=1
64.904.295/0001-03;CAMIL ALIMENTOS S/A;24228;2026-02-28;Dados Econômico-Financeiros;Press-release;;Earnings Release 4T25/2025;2026-05-07;AP - Apresentação;024228IPE280220260101302129-43;1;https://www.rad.cvm.gov.br/ENET/frmDownloadDocumento.aspx?Tela=ext&descTipo=IPE&CodigoInstituicao=1&numProtocolo=1518206&numSequencia=1042912&numVersao=1
64.904.295/0001-03;CAMIL ALIMENTOS S/A;24228;2026-05-31;Dados Econômico-Financeiros;Press-release;;Earnings Release 1T26;2026-07-14;AP - Apresentação;024228IPE310520260146076170-81;1;https://www.rad.cvm.gov.br/ENET/frmDownloadDocumento.aspx?Tela=ext&descTipo=IPE&CodigoInstituicao=1&numProtocolo=1544774&numSequencia=1069480&numVersao=1
64.904.295/0001-03;CAMIL ALIMENTOS S/A;24228;2025-12-31;Dados Econômico-Financeiros;Relatório de Agente Fiduciário;;Relatório Agente Fiduciário 13a Emissão de Debêntures;2026-06-22;AP - Apresentação;024228IPE311220250154100472-73;1;https://www.rad.cvm.gov.br/ENET/frmDownloadDocumento.aspx?Tela=ext&descTipo=IPE&CodigoInstituicao=1&numProtocolo=1537238&numSequencia=1061944&numVersao=1
64.904.295/0001-03;CAMIL ALIMENTOS S/A;24228;2025-12-31;Dados Econômico-Financeiros;Relatório de Agente Fiduciário;;Relatório Agente Fiduciário 14a Emissão de Debêntures;2026-06-22;AP - Apresentação;024228IPE311220250128276433-93;1;https://www.rad.cvm.gov.br/ENET/frmDownloadDocumento.aspx?Tela=ext&descTipo=IPE&CodigoInstituicao=1&numProtocolo=1537239&numSequencia=1061945&numVersao=1
64.904.295/0001-03;CAMIL ALIMENTOS S/A;24228;2025-12-31;Dados Econômico-Financeiros;Relatório de Agente Fiduciário;;Relatório Agente Fiduciário 15a Emissão de Debêntures;2026-06-22;AP - Apresentação;024228IPE311220250165477221-66;1;https://www.rad.cvm.gov.br/ENET/frmDownloadDocumento.aspx?Tela=ext&descTipo=IPE&CodigoInstituicao=1&numProtocolo=1537240&numSequencia=1061946&numVersao=1
64.904.295/0001-03;CAMIL ALIMENTOS S/A;24228;2025-12-31;Dados Econômico-Financeiros;Relatório de Agente Fiduciário;;Relatório Agente Fiduciário 11a Emissão de Debêntures;2026-06-26;AP - Apresentação;024228IPE311220250155833298-55;1;https://www.rad.cvm.gov.br/ENET/frmDownloadDocumento.aspx?Tela=ext&descTipo=IPE&CodigoInstituicao=1&numProtocolo=1538974&numSequencia=1063680&numVersao=1
64.904.295/0001-03;CAMIL ALIMENTOS S/A;24228;2025-12-31;Dados Econômico-Financeiros;Relatório de Agente Fiduciário;;Relatório Agente Fiduciário Debênture Verde;2026-06-26;AP - Apresentação;024228IPE311220250150133729-98;1;https://www.rad.cvm.gov.br/ENET/frmDownloadDocumento.aspx?Tela=ext&descTipo=IPE&CodigoInstituicao=1&numProtocolo=1538982&numSequencia=1063688&numVersao=1
64.904.295/0001-03;CAMIL ALIMENTOS S/A;24228;2026-06-30;Estatuto Social;;;;2026-06-30;AP - Apresentação;024228IPE300620260129515785-53;1;https://www.rad.cvm.gov.br/ENET/frmDownloadDocumento.aspx?Tela=ext&descTipo=IPE&CodigoInstituicao=1&numProtocolo=1540125&numSequencia=1064831&numVersao=1
64.904.295/0001-03;CAMIL ALIMENTOS S/A;24228;2026-02-28;Relatório de Sustentabilidade;;;;2026-07-14;AP - Apresentação;024228IPE280220260160921870-91;1;https://www.rad.cvm.gov.br/ENET/frmDownloadDocumento.aspx?Tela=ext&descTipo=IPE&CodigoInstituicao=1&numProtocolo=1544821&numSequencia=1069527&numVersao=1
64.904.295/0001-03;CAMIL ALIMENTOS S/A;24228;2026-01-14;Reunião da Administração;Conselho de Administração;Ata;Deliberar sobre as informações Financeiras Trimestrais da Companhia e suas controladas, o Relatório da Administração e o Relatório dos Auditores Independentes;2026-01-14;AP - Apresentação;024228IPE140120260130558892-80;1;https://www.rad.cvm.gov.br/ENET/frmDownloadDocumento.aspx?Tela=ext&descTipo=IPE&CodigoInstituicao=1&numProtocolo=1467221&numSequencia=991927&numVersao=1
64.904.295/0001-03;CAMIL ALIMENTOS S/A;24228;2026-01-14;Reunião da Administração;Conselho de Administração;Ata;Deliberar sobre as informações Financeiras Trimestrais da Companhia e suas controladas, o Relatório da Administração e o Relatório dos Auditores Independentes;2026-01-28;RE - Reapresentação Espontânea;024228IPE140120260269189982-32;2;https://www.rad.cvm.gov.br/ENET/frmDownloadDocumento.aspx?Tela=ext&descTipo=IPE&CodigoInstituicao=1&numProtocolo=1470780&numSequencia=995486&numVersao=2
64.904.295/0001-03;CAMIL ALIMENTOS S/A;24228;2026-01-14;Reunião da Administração;Conselho de Administração;Ata;Deliberar sobre as informações Financeiras Trimestrais da Companhia e suas controladas, o Relatório da Administração e o Relatório dos Auditores Independentes;2026-02-02;RE - Reapresentação Espontânea;024228IPE140120260340636478-50;3;https://www.rad.cvm.gov.br/ENET/frmDownloadDocumento.aspx?Tela=ext&descTipo=IPE&CodigoInstituicao=1&numProtocolo=1472102&numSequencia=996808&numVersao=3
64.904.295/0001-03;CAMIL ALIMENTOS S/A;24228;2026-01-14;Reunião da Administração;Conselho de Administração;Ata;Deliberar sobre as informações Financeiras Trimestrais da Companhia e suas controladas, o Relatório da Administração e o Relatório dos Auditores Independentes;2026-02-02;RE - Reapresentação Espontânea;024228IPE140120260459741842-16;4;https://www.rad.cvm.gov.br/ENET/frmDownloadDocumento.aspx?Tela=ext&descTipo=IPE&CodigoInstituicao=1&numProtocolo=1472138&numSequencia=996844&numVersao=4
64.904.295/0001-03;CAMIL ALIMENTOS S/A;24228;2026-06-09;Reunião da Administração;Conselho de Administração;Ata;Aprovação Políticas Latam||Outorga de ações restritas de emissão da  Companhia||Outorga de novas opções de compra de ações de emissão da Companhia;2026-04-13;AP - Apresentação;024228IPE090620260142317627-21;1;https://www.rad.cvm.gov.br/ENET/frmDownloadDocumento.aspx?Tela=ext&descTipo=IPE&CodigoInstituicao=1&numProtocolo=1504367&numSequencia=1029073&numVersao=1
64.904.295/0001-03;CAMIL ALIMENTOS S/A;24228;2026-05-07;Reunião da Administração;Conselho de Administração;Ata;Aprovação DFs 2025;2026-05-07;AP - Apresentação;024228IPE070520260176794775-51;1;https://www.rad.cvm.gov.br/ENET/frmDownloadDocumento.aspx?Tela=ext&descTipo=IPE&CodigoInstituicao=1&numProtocolo=1518181&numSequencia=1042887&numVersao=1
64.904.295/0001-03;CAMIL ALIMENTOS S/A;24228;2026-05-18;Reunião da Administração;Conselho de Administração;Ata;Aprovação de Operação Estruturada;2026-05-27;AP - Apresentação;024228IPE180520260175402622-57;1;https://www.rad.cvm.gov.br/ENET/frmDownloadDocumento.aspx?Tela=ext&descTipo=IPE&CodigoInstituicao=1&numProtocolo=1527453&numSequencia=1052159&numVersao=1
64.904.295/0001-03;CAMIL ALIMENTOS S/A;24228;2026-05-18;Reunião da Administração;Conselho de Administração;Ata;Aprovação de Emissão de Notas Comerciais escriturais;2026-05-27;AP - Apresentação;024228IPE180520260155214017-52;1;https://www.rad.cvm.gov.br/ENET/frmDownloadDocumento.aspx?Tela=ext&descTipo=IPE&CodigoInstituicao=1&numProtocolo=1527455&numSequencia=1052161&numVersao=1
64.904.295/0001-03;CAMIL ALIMENTOS S/A;24228;2026-05-29;Reunião da Administração;Conselho de Administração;Ata;Aprovação do orçamento de capital da Companhia para o exercício social a se encerrar em 28 de fevereiro de 2027||Convocação da Assembleia Geral Ordinária e Extraordinária;2026-05-29;AP - Apresentação;024228IPE290520260147798363-53;1;https://www.rad.cvm.gov.br/ENET/frmDownloadDocumento.aspx?Tela=ext&descTipo=IPE&CodigoInstituicao=1&numProtocolo=1528940&numSequencia=1053646&numVersao=1
64.904.295/0001-03;CAMIL ALIMENTOS S/A;24228;2026-07-14;Reunião da Administração;Conselho de Administração;Ata;Aprovação ITR 1T26||Aprovação Relatório de Sustentabilidade;2026-07-14;AP - Apresentação;024228IPE140720260105128700-46;1;https://www.rad.cvm.gov.br/ENET/frmDownloadDocumento.aspx?Tela=ext&descTipo=IPE&CodigoInstituicao=1&numProtocolo=1544765&numSequencia=1069471&numVersao=1
64.904.295/0001-03;CAMIL ALIMENTOS S/A;24228;2026-07-14;Reunião da Administração;Conselho de Administração;Ata;Eleição Diretoria||Eleição Presidente do Conselho de Administração||Reestruturação Comitês;2026-07-14;AP - Apresentação;024228IPE140720260124604214-95;1;https://www.rad.cvm.gov.br/ENET/frmDownloadDocumento.aspx?Tela=ext&descTipo=IPE&CodigoInstituicao=1&numProtocolo=1544771&numSequencia=1069477&numVersao=1
64.904.295/0001-03;CAMIL ALIMENTOS S/A;24228;2026-01-13;Reunião da Administração;Conselho Fiscal;Ata;Parecer acerca das Demonstrações Financeiras;2026-01-14;AP - Apresentação;024228IPE130120260105663824-63;1;https://www.rad.cvm.gov.br/ENET/frmDownloadDocumento.aspx?Tela=ext&descTipo=IPE&CodigoInstituicao=1&numProtocolo=1467223&numSequencia=991929&numVersao=1
64.904.295/0001-03;CAMIL ALIMENTOS S/A;24228;2026-05-06;Reunião da Administração;Conselho Fiscal;Ata;Aprovação DFs 2025;2026-05-07;AP - Apresentação;024228IPE060520260177561053-38;1;https://www.rad.cvm.gov.br/ENET/frmDownloadDocumento.aspx?Tela=ext&descTipo=IPE&CodigoInstituicao=1&numProtocolo=1518184&numSequencia=1042890&numVersao=1
64.904.295/0001-03;CAMIL ALIMENTOS S/A;24228;2026-05-28;Reunião da Administração;Conselho Fiscal;Ata;Aumento de Capital||Orçamento de Capital||Parecer do Conselho Fiscal sobre os itens anteriores;2026-05-29;AP - Apresentação;024228IPE280520260138471241-08;1;https://www.rad.cvm.gov.br/ENET/frmDownloadDocumento.aspx?Tela=ext&descTipo=IPE&CodigoInstituicao=1&numProtocolo=1528941&numSequencia=1053647&numVersao=1
64.904.295/0001-03;CAMIL ALIMENTOS S/A;24228;2026-07-13;Reunião da Administração;Conselho Fiscal;Ata;Eleição Presidente do Conselho Fiscal||Parecer acerca das Demonstrações Financeiras;2026-07-14;AP - Apresentação;024228IPE130720260109501354-20;1;https://www.rad.cvm.gov.br/ENET/frmDownloadDocumento.aspx?Tela=ext&descTipo=IPE&CodigoInstituicao=1&numProtocolo=1544768&numSequencia=1069474&numVersao=1
64.904.295/0001-03;CAMIL ALIMENTOS S/A;24228;2025-12-01;Valores Mobiliários negociados e detidos (art. 11 da Instr. CVM nº 358);Posição Consolidada;;;2026-01-11;AP - Apresentação;024228IPE011220250154488291-77;1;https://www.rad.cvm.gov.br/ENET/frmDownloadDocumento.aspx?Tela=ext&descTipo=IPE&CodigoInstituicao=1&numProtocolo=1466119&numSequencia=990825&numVersao=1
64.904.295/0001-03;CAMIL ALIMENTOS S/A;24228;2026-01-01;Valores Mobiliários negociados e detidos (art. 11 da Instr. CVM nº 358);Posição Consolidada;;;2026-02-10;AP - Apresentação;024228IPE010120260125886914-83;1;https://www.rad.cvm.gov.br/ENET/frmDownloadDocumento.aspx?Tela=ext&descTipo=IPE&CodigoInstituicao=1&numProtocolo=1475819&numSequencia=1000525&numVersao=1
64.904.295/0001-03;CAMIL ALIMENTOS S/A;24228;2026-02-01;Valores Mobiliários negociados e detidos (art. 11 da Instr. CVM nº 358);Posição Consolidada;;;2026-03-10;AP - Apresentação;024228IPE010220260189153721-18;1;https://www.rad.cvm.gov.br/ENET/frmDownloadDocumento.aspx?Tela=ext&descTipo=IPE&CodigoInstituicao=1&numProtocolo=1488202&numSequencia=1012908&numVersao=1
64.904.295/0001-03;CAMIL ALIMENTOS S/A;24228;2026-03-01;Valores Mobiliários negociados e detidos (art. 11 da Instr. CVM nº 358);Posição Consolidada;;;2026-04-09;AP - Apresentação;024228IPE010320260140746190-34;1;https://www.rad.cvm.gov.br/ENET/frmDownloadDocumento.aspx?Tela=ext&descTipo=IPE&CodigoInstituicao=1&numProtocolo=1503189&numSequencia=1027895&numVersao=1
64.904.295/0001-03;CAMIL ALIMENTOS S/A;24228;2026-04-01;Valores Mobiliários negociados e detidos (art. 11 da Instr. CVM nº 358);Posição Consolidada;;;2026-05-08;AP - Apresentação;024228IPE010420260143418940-66;1;https://www.rad.cvm.gov.br/ENET/frmDownloadDocumento.aspx?Tela=ext&descTipo=IPE&CodigoInstituicao=1&numProtocolo=1519035&numSequencia=1043741&numVersao=1
64.904.295/0001-03;CAMIL ALIMENTOS S/A;24228;2026-05-01;Valores Mobiliários negociados e detidos (art. 11 da Instr. CVM nº 358);Posição Consolidada;;;2026-06-12;AP - Apresentação;024228IPE010520260190249498-85;1;https://www.rad.cvm.gov.br/ENET/frmDownloadDocumento.aspx?Tela=ext&descTipo=IPE&CodigoInstituicao=1&numProtocolo=1534207&numSequencia=1058913&numVersao=1
64.904.295/0001-03;CAMIL ALIMENTOS S/A;24228;2026-06-01;Valores Mobiliários negociados e detidos (art. 11 da Instr. CVM nº 358);Posição Consolidada;;;2026-07-08;AP - Apresentação;024228IPE010620260125837871-70;1;https://www.rad.cvm.gov.br/ENET/frmDownloadDocumento.aspx?Tela=ext&descTipo=IPE&CodigoInstituicao=1&numProtocolo=1543273&numSequencia=1067979&numVersao=1
64.904.295/0001-03;CAMIL ALIMENTOS S/A;24228;2026-07-01;Valores Mobiliários negociados e detidos (art. 11 da Instr. CVM nº 358);Posição Consolidada;;;2026-08-11;AP - Apresentação;024228IPE010720260173312623-72;1;https://www.rad.cvm.gov.br/ENET/frmDownloadDocumento.aspx?Tela=ext&descTipo=IPE&CodigoInstituicao=1&numProtocolo=1555580&numSequencia=1080286&numVersao=1
64.904.295/0001-03;CAMIL ALIMENTOS S/A;24228;2025-12-01;Valores Mobiliários negociados e detidos (art. 11 da Instr. CVM nº 358);Posição Individual - Cia, Controladas e Coligadas;;;2026-01-11;AP - Apresentação;024228IPE011220250177655495-62;1;https://www.rad.cvm.gov.br/ENET/frmDownloadDocumento.aspx?Tela=ext&descTipo=IPE&CodigoInstituicao=1&numProtocolo=1466118&numSequencia=990824&numVersao=1
64.904.295/0001-03;CAMIL ALIMENTOS S/A;24228;2026-01-01;Valores Mobiliários negociados e detidos (art. 11 da Instr. CVM nº 358);Posição Individual - Cia, Controladas e Coligadas;;;2026-02-10;AP - Apresentação;024228IPE010120260186307499-22;1;https://www.rad.cvm.gov.br/ENET/frmDownloadDocumento.aspx?Tela=ext&descTipo=IPE&CodigoInstituicao=1&numProtocolo=1475809&numSequencia=1000515&numVersao=1
64.904.295/0001-03;CAMIL ALIMENTOS S/A;24228;2026-02-01;Valores Mobiliários negociados e detidos (art. 11 da Instr. CVM nº 358);Posição Individual - Cia, Controladas e Coligadas;;;2026-03-10;AP - Apresentação;024228IPE010220260193441063-76;1;https://www.rad.cvm.gov.br/ENET/frmDownloadDocumento.aspx?Tela=ext&descTipo=IPE&CodigoInstituicao=1&numProtocolo=1488219&numSequencia=1012925&numVersao=1
64.904.295/0001-03;CAMIL ALIMENTOS S/A;24228;2026-03-01;Valores Mobiliários negociados e detidos (art. 11 da Instr. CVM nº 358);Posição Individual - Cia, Controladas e Coligadas;;;2026-04-09;AP - Apresentação;024228IPE010320260155728780-64;1;https://www.rad.cvm.gov.br/ENET/frmDownloadDocumento.aspx?Tela=ext&descTipo=IPE&CodigoInstituicao=1&numProtocolo=1503209&numSequencia=1027915&numVersao=1
64.904.295/0001-03;CAMIL ALIMENTOS S/A;24228;2026-04-01;Valores Mobiliários negociados e detidos (art. 11 da Instr. CVM nº 358);Posição Individual - Cia, Controladas e Coligadas;;;2026-05-08;AP - Apresentação;024228IPE010420260168451035-82;1;https://www.rad.cvm.gov.br/ENET/frmDownloadDocumento.aspx?Tela=ext&descTipo=IPE&CodigoInstituicao=1&numProtocolo=1519005&numSequencia=1043711&numVersao=1
64.904.295/0001-03;CAMIL ALIMENTOS S/A;24228;2026-05-01;Valores Mobiliários negociados e detidos (art. 11 da Instr. CVM nº 358);Posição Individual - Cia, Controladas e Coligadas;;;2026-06-02;AP - Apresentação;024228IPE010520260144079780-34;1;https://www.rad.cvm.gov.br/ENET/frmDownloadDocumento.aspx?Tela=ext&descTipo=IPE&CodigoInstituicao=1&numProtocolo=1529901&numSequencia=1054607&numVersao=1
64.904.295/0001-03;CAMIL ALIMENTOS S/A;24228;2026-06-01;Valores Mobiliários negociados e detidos (art. 11 da Instr. CVM nº 358);Posição Individual - Cia, Controladas e Coligadas;;;2026-07-08;AP - Apresentação;024228IPE010620260142389642-88;1;https://www.rad.cvm.gov.br/ENET/frmDownloadDocumento.aspx?Tela=ext&descTipo=IPE&CodigoInstituicao=1&numProtocolo=1543286&numSequencia=1067992&numVersao=1
64.904.295/0001-03;CAMIL ALIMENTOS S/A;24228;2026-07-01;Valores Mobiliários negociados e detidos (art. 11 da Instr. CVM nº 358);Posição Individual - Cia, Controladas e Coligadas;;;2026-08-11;AP - Apresentação;024228IPE010720260147415421-20;1;https://www.rad.cvm.gov.br/ENET/frmDownloadDocumento.aspx?Tela=ext&descTipo=IPE&CodigoInstituicao=1&numProtocolo=1555578&numSequencia=1080284&numVersao=1
